{
  "bounds": [
    [
      -20.550508894195588,
      57.21679687499999
    ],
    [
      -19.8907230239969,
      57.91992187499997
    ]
  ],
  "max_height": 820.0,
  "width": 4096,
  "height": 4096,
  "encoding": "sqrt"
}